EURUSD,60
symbol,period,date,k,d,ma5,close,datanum,signtype
AUDCADpro,1,2016.05.30 20:50:00,13.13672922251981,6.044933590695496,0.937060612296342,0.93709,100,15
AUDCADpro,5,2016.05.30 21:00:00,61.64383561643964,72.47606162226495,0.9370939484348069,0.93707,45,0
AUDCADpro,15,2016.05.30 20:45:00,36.35170603674678,0,0.9370067886176259,0.93723,16,0
AUDCADpro,30,2016.05.30 20:30:00,0,0,0.9371256160000001,0.93723,9,0
AUDCADpro,60,2016.05.30 20:00:00,0,0,0,0.93723,5,0
AUDCADpro,240,2016.05.13 20:00:00,19.27175843694466,14.8118426663858,0.9404458177502983,0.9407,100,69
AUDCADpro,1440,2016.04.14 00:00:00,17.45416989413894,9.964492379070032,0.9851606817287655,0.98872,100,39
AUDCADpro,10080,2016.05.22 00:00:00,7.714159459630079,23.30336299137321,0.957364059698472,0.93542,100,0
AUDCADpro,43200,1970.01.01 00:00:00,0,0,0,0,1,0
AUDCHFpro,1,2016.05.30 20:14:00,15.38461538461319,13.73941487758778,0.7129802734764682,0.71301,100,51
AUDCHFpro,5,2016.05.30 21:00:00,19.7080291970792,23.58582148362865,0.7128899101185677,0.71271,45,0
AUDCHFpro,15,2016.05.30 20:45:00,56.28019323671467,0,0.7129205586933761,0.71279,16,0
AUDCHFpro,30,2016.05.30 20:30:00,0,0,0.712829488,0.71279,9,0
AUDCHFpro,60,2016.05.30 20:00:00,56.58073270013555,50.69602478305341,0.712895982103125,0.71279,100,0
AUDCHFpro,240,1970.01.01 00:00:00,0,0,0,0,2,0
AUDCHFpro,1440,2016.05.28 00:00:00,51.36395027624292,54.03574690140447,0.7140610450582443,0.71389,100,0
AUDCHFpro,10080,1970.01.01 00:00:00,0,0,0,0,1,0
AUDCHFpro,43200,1970.01.01 00:00:00,0,0,0,0,1,0
AUDJPYpro,1,2016.05.30 20:26:00,19.91869918698802,13.81655357906403,79.84793778537296,79.854,100,39
AUDJPYpro,5,2016.05.30 21:00:00,41.4705882352911,40.31091930164467,79.83665312538108,79.819,45,0
AUDJPYpro,15,2016.05.30 20:45:00,80.26124818577279,0,79.82285585991681,79.84099999999999,16,0
AUDJPYpro,30,2016.05.30 20:30:00,0,0,79.80347039999999,79.84099999999999,9,0
AUDJPYpro,60,2016.05.30 20:00:00,0,0,0,79.84099999999999,5,0
AUDJPYpro,240,1970.01.01 00:00:00,0,0,0,0,2,0
AUDJPYpro,1440,2016.05.10 00:00:00,16.18345455149271,8.618920919094567,80.23410602159802,80.247,100,17
AUDJPYpro,10080,1970.01.01 00:00:00,0,0,0,0,1,0
AUDJPYpro,43200,1970.01.01 00:00:00,0,0,0,0,1,0
AUDNZDpro,1,2016.05.30 21:04:00,35.79545454544967,33.52101295729973,1.071668180966653,1.07153,100,0
AUDNZDpro,5,2016.05.30 21:00:00,35.11111111111681,60.32305433879787,1.071739492899173,1.07153,45,0
AUDNZDpro,15,2016.05.30 20:45:00,31.91919191919319,0,1.071788071170048,1.07164,16,0
AUDNZDpro,30,2016.05.30 20:30:00,0,0,1.071802304,1.07164,9,0
AUDNZDpro,60,2016.05.30 20:00:00,0,0,0,1.07164,5,0
AUDNZDpro,240,1970.01.01 00:00:00,0,0,0,0,2,0
AUDNZDpro,1440,2016.05.10 00:00:00,17.03715722862247,10.17557217893417,1.086062095744631,1.08929,100,17
AUDNZDpro,10080,2015.04.19 00:00:00,19.94458862313241,13.96690711385271,1.026617969188705,1.02779,100,58
AUDNZDpro,43200,1970.01.01 00:00:00,0,0,0,0,1,0
AUDUSD,1,2016.05.30 19:48:00,18.64406779660517,7.302455394768941,0.7181959429252894,0.71829,100,78
AUDUSD,5,2016.05.30 21:00:00,53.35820895522101,66.76106806941746,0.7183253711671456,0.71809,45,0
AUDUSD,15,2016.05.30 20:45:00,65.81740976645428,0,0.718239657452544,0.71829,16,0
AUDUSD,30,2016.05.30 20:30:00,0,0,0.718129488,0.71829,9,0
AUDUSD,60,2016.05.30 20:00:00,90.89735313105281,72.77990008034996,0.7177334342539926,0.71829,100,0
AUDUSD,240,1970.01.01 00:00:00,0,0,0,0,2,0
AUDUSD,1440,2016.05.17 00:00:00,14.94495551198926,11.48538661716915,0.734479673691932,0.735,100,11
AUDUSD,10080,1970.01.01 00:00:00,0,0,0,0,2,0
AUDUSD,43200,1970.01.01 00:00:00,0,0,0,0,1,0
AUDUSDpro,1,2016.05.30 19:48:00,18.64406779660517,7.302455394768941,0.7181959429252894,0.71829,100,77
AUDUSDpro,5,2016.05.30 21:00:00,53.35820895522101,66.76106806941746,0.7183253711671456,0.71809,45,0
AUDUSDpro,15,2016.05.30 20:45:00,65.81740976645428,0,0.718239657452544,0.71829,16,0
AUDUSDpro,30,2016.05.30 20:30:00,0,0,0.718129488,0.71829,9,0
AUDUSDpro,60,2016.05.30 20:00:00,0,0,0,0.71829,5,0
AUDUSDpro,240,1970.01.01 00:00:00,0,0,0,0,2,0
AUDUSDpro,1440,2016.05.17 00:00:00,14.94495551198926,11.48538661716899,0.734479673691932,0.735,100,11
AUDUSDpro,10080,1970.01.01 00:00:00,0,0,0,0,1,0
AUDUSDpro,43200,2014.03.01 00:00:00,18.11907511346242,17.46168472355265,0.919004343932602,0.92724,100,26
AUS200,1,2016.05.30 20:31:00,15.38461538461539,7.267399267399279,5404.71660790934,5405,87,15
AUS200,5,2016.05.30 12:55:00,16.36363636363636,13.85014985014979,5413.448144535998,5414,100,83
AUS200,15,2016.05.30 20:45:00,41.66666666666667,0,5404.908227317761,5405,16,0
AUS200,30,2016.05.30 20:30:00,42.02898550724638,33.82316551533982,5405.401594551978,5405,100,0
AUS200,60,2016.05.30 20:00:00,0,0,0,5405,5,0
AUS200,240,1970.01.01 00:00:00,0,0,0,0,2,0
AUS200,1440,2016.05.28 00:00:00,90.11164274322169,69.40518619009232,5391.413879960159,5432,100,0
AUS200,10080,2016.05.22 00:00:00,88.89321901792674,82.70857363060993,5257.434273084325,5432,100,0
AUS200,43200,1970.01.01 00:00:00,0,0,0,0,1,0
CADCHFpro,1,2016.05.30 20:27:00,15.86715867159305,8.931188046546,0.7610724443808689,0.76115,100,39
CADCHFpro,5,2016.05.30 21:00:00,25.47468354430342,21.50618985841394,0.7606092130525463,0.76046,45,0
CADCHFpro,15,2016.05.30 20:45:00,62.13592233009823,0,0.760707593324544,0.76042,16,0
CADCHFpro,30,2016.05.30 20:30:00,0,0,0.760513248,0.76042,9,0
CADCHFpro,60,2016.05.30 20:00:00,0,0,0,0.76042,5,0
CADCHFpro,240,1970.01.01 00:00:00,0,0,0,0,2,0
CADCHFpro,1440,2016.05.28 00:00:00,66.95893613912024,51.5398763516737,0.758908746743751,0.76246,100,0
CADCHFpro,10080,1970.01.01 00:00:00,0,0,0,0,1,0
CADCHFpro,43200,1970.01.01 00:00:00,0,0,0,0,1,0
CADJPYpro,1,2016.05.30 20:27:00,19.99999999999923,11.92927241399386,85.21890673131198,85.23099999999999,100,38
CADJPYpro,5,2016.05.30 21:00:00,39.66408268733579,29.72202981288901,85.17582508832479,85.161,45,0
CADJPYpro,15,2016.05.30 20:45:00,70.70979335130157,0,85.16835737792512,85.17,16,0
CADJPYpro,30,2016.05.30 20:30:00,0,0,85.1370656,85.17,9,0
CADJPYpro,60,2016.05.30 20:00:00,0,0,0,85.17,5,0
CADJPYpro,240,1970.01.01 00:00:00,0,0,0,0,2,0
CADJPYpro,1440,2016.05.10 00:00:00,17.92801371167399,8.780501771924383,83.96712234304354,84.25700000000001,100,17
CADJPYpro,10080,1970.01.01 00:00:00,0,0,0,0,1,0
CADJPYpro,43200,1970.01.01 00:00:00,0,0,0,0,1,0
CHFJPYpro,1,2016.05.30 21:04:00,11.59420289854913,32.44314885241112,111.9782898797949,111.968,100,0
CHFJPYpro,5,2016.05.30 21:00:00,63.26963906581731,55.34892225770524,111.9689640611408,111.968,45,0
CHFJPYpro,15,2016.05.30 20:45:00,78.44827586206968,0,111.946556761088,111.994,16,0
CHFJPYpro,30,2016.05.30 20:30:00,0,0,111.9327008,111.994,9,0
CHFJPYpro,60,2016.05.30 20:00:00,0,0,0,111.994,5,0
CHFJPYpro,240,1970.01.01 00:00:00,0,0,0,0,2,0
CHFJPYpro,1440,2016.05.09 00:00:00,16.38950480413902,13.19978502035051,111.3074001637524,111.734,100,18
CHFJPYpro,10080,1970.01.01 00:00:00,0,0,0,0,1,0
CHFJPYpro,43200,1970.01.01 00:00:00,0,0,0,0,1,0
COPPER,1,2016.05.30 21:04:00,34.61538461538159,28.07692307692263,2.101154483411171,2.101,100,0
COPPER,5,2016.05.30 21:00:00,72.49999999999589,69.70042530568772,2.100768149171123,2.101,41,0
COPPER,15,2016.05.30 20:45:00,81.9444444444446,0,2.0991584654848,2.1015,16,0
COPPER,30,2016.05.30 20:30:00,0,0,2.097948,2.1015,9,0
COPPER,60,2016.05.30 20:00:00,0,0,0,2.1015,5,0
COPPER,240,1970.01.01 00:00:00,0,0,0,0,2,0
COPPER,1440,2016.04.12 00:00:00,18.28332170272163,10.01801670293708,2.122893171441663,2.1355,100,41
COPPER,10080,1970.01.01 00:00:00,0,0,0,0,1,0
COPPER,43200,1970.01.01 00:00:00,0,0,0,0,1,0
CORN,1,2016.05.30 05:00:00,0,0,0,4.1325,3,0
CORN,5,2016.05.30 05:00:00,100,85.67058823529553,4.122676118659243,4.1325,100,0
CORN,15,2016.05.30 05:00:00,91.6666666666676,87.93294648613906,4.119308379474832,4.1325,100,0
CORN,30,2016.05.30 05:00:00,96.15384615384656,90.88113686294582,4.113453877884629,4.1325,100,0
CORN,60,2016.05.30 05:00:00,94.95798319327743,85.45859605017657,4.108423702420678,4.1325,100,0
CORN,240,2016.05.30 05:00:00,94.80519480519462,92.33129481593072,4.092097509799047,4.1325,100,0
CORN,1440,2016.05.28 00:00:00,94.23503325942347,84.43256622415842,4.024289262142179,4.13,100,0
CORN,10080,2016.05.22 00:00:00,81.33802816901411,68.73328360924124,3.863003880810917,4.13,100,0
CORN,43200,2016.04.01 00:00:00,24.10051399200458,24.4899861996712,3.737659650977593,3.9175,88,0
COTTON,1,1970.01.01 00:00:00,0,0,0,0,2,0
COTTON,5,1970.01.01 00:00:00,0,0,0,0,2,0
COTTON,15,1970.01.01 00:00:00,0,0,0,0,1,0
COTTON,30,1970.01.01 00:00:00,0,0,0,0,2,0
COTTON,60,1970.01.01 00:00:00,0,0,0,0,1,0
COTTON,240,1970.01.01 00:00:00,0,0,0,0,2,0
COTTON,1440,2016.05.28 00:00:00,84.93552168815947,68.87030955882695,0.6282825114670127,0.6427,100,0
COTTON,10080,1970.01.01 00:00:00,0,0,0,0,2,0
COTTON,43200,1970.01.01 00:00:00,0,0,0,0,1,0
ESTX50,1,2016.05.30 21:03:00,55.55555555555556,43.33333333333331,3075.898270567628,3076,80,0
ESTX50,5,2016.05.30 21:00:00,58.82352941176471,57.13572037510657,3075.688888969721,3076,38,0
ESTX50,15,2016.05.30 20:45:00,73.46938775510205,0,3074.40322445312,3076,16,0
ESTX50,30,2016.05.30 20:30:00,0,0,3073.1392,3076,9,0
ESTX50,60,2016.05.30 20:00:00,0,0,0,3076,5,0
ESTX50,240,1970.01.01 00:00:00,0,0,0,0,2,0
ESTX50,1440,2016.03.30 00:00:00,15.29126213592233,13.92790319403917,2952.059765952443,2963,100,52
ESTX50,10080,1970.01.01 00:00:00,0,0,0,0,1,0
ESTX50,43200,1970.01.01 00:00:00,0,0,0,0,1,0
EURAUDpro,1,2016.05.30 19:38:00,17.88856304984613,14.48502360117243,1.549949973893139,1.54995,100,88
EURAUDpro,5,2016.05.30 21:00:00,73.23008849556997,55.73308210223079,1.55007561905713,1.55047,45,0
EURAUDpro,15,2016.05.30 20:45:00,29.12500000000007,0,1.550191313225523,1.55029,16,0
EURAUDpro,30,2016.05.30 20:30:00,0,0,1.550354384,1.55029,9,0
EURAUDpro,60,2016.05.30 20:00:00,0,0,0,1.55029,5,0
EURAUDpro,240,2016.05.30 05:00:00,18.06276254015302,15.18058417819949,1.547443527560671,1.54745,100,4
EURAUDpro,1440,2016.05.28 00:00:00,37.0009505703425,54.76952833007137,1.548551674122793,1.54565,100,0
EURAUDpro,10080,1970.01.01 00:00:00,0,0,0,0,1,0
EURAUDpro,43200,2016.04.01 00:00:00,40.30413111430261,48.09352702975568,1.502701776402228,1.50511,100,0
EURCADpro,1,2016.05.30 20:50:00,16.92307692307546,9.912091818818753,1.452627832398705,1.45273,100,16
EURCADpro,5,2016.05.30 21:00:00,70.5999999999955,74.2628899371754,1.452851172636796,1.45316,100,0
EURCADpro,15,2016.05.30 20:45:00,32.70903010033184,0,1.452850660333363,1.45321,16,0
EURCADpro,30,2016.05.30 20:30:00,0,0,1.45319752,1.45321,9,0
EURCADpro,60,2016.05.30 20:00:00,0,0,0,1.45321,5,0
EURCADpro,240,1970.01.01 00:00:00,0,0,0,0,2,0
EURCADpro,1440,2016.05.28 00:00:00,20.35770647027892,45.0323381308778,1.45688708812622,1.4469,100,0
EURCADpro,10080,1970.01.01 00:00:00,0,0,0,0,1,0
EURCADpro,43200,1970.01.01 00:00:00,0,0,0,0,1,0
EURCHFpro,1,2016.05.30 20:54:00,14.75409836064321,7.078446431338276,1.105332612975249,1.10536,100,12
EURCHFpro,5,2016.05.30 21:00:00,26.97368421051906,18.3015274403887,1.105511572787419,1.10557,45,0
EURCHFpro,15,2016.05.30 20:45:00,37.38019169327666,0,1.105639945098035,1.10548,16,0
EURCHFpro,30,2016.05.30 20:30:00,0,0,1.105630784,1.10548,9,0
EURCHFpro,60,2016.05.30 20:00:00,0,0,0,1.10548,5,0
EURCHFpro,240,1970.01.01 00:00:00,0,0,0,0,2,0
EURCHFpro,1440,2016.05.28 00:00:00,27.24856909239654,52.90581464316392,1.106458413713041,1.10495,100,0
EURCHFpro,10080,1970.01.01 00:00:00,0,0,0,0,1,0
EURCHFpro,43200,1970.01.01 00:00:00,0,0,0,0,1,0
EURCZKpro,1,2016.05.30 20:29:00,14.43298969069522,14.21335263073013,27.01838022986386,27.0188,100,29
EURCZKpro,5,2016.05.30 20:10:00,19.09090909085976,14.33301912544162,27.01882459283287,27.0189,45,10
EURCZKpro,15,2016.05.30 20:45:00,22.60869565214396,0,27.01923905833984,27.0195,16,0
EURCZKpro,30,2016.05.30 20:30:00,41.88235294116904,51.5872044252853,27.01939462525699,27.0195,100,0
EURCZKpro,60,2016.05.30 20:00:00,0,0,0,27.0195,5,0
EURCZKpro,240,1970.01.01 00:00:00,0,0,0,0,2,0
EURCZKpro,1440,2016.05.28 00:00:00,72.63157894736774,82.78768367534538,27.01779151909741,26.9943,100,0
EURCZKpro,10080,1970.01.01 00:00:00,0,0,0,0,1,0
EURCZKpro,43200,1970.01.01 00:00:00,0,0,0,0,1,0
EURDKKpro,1,2016.05.30 20:58:00,81.17647058812712,85.81322965553925,7.436659386284036,7.43667,45,0
EURDKKpro,5,2016.05.30 20:55:00,83.76068376068052,68.96295089094851,7.436634518862102,7.43667,100,0
EURDKKpro,15,2016.05.30 20:45:00,70.58823529406899,0,7.436595885650535,7.43667,16,0
EURDKKpro,30,2016.05.30 20:30:00,0,0,7.436548976,7.43667,9,0
EURDKKpro,60,2016.05.30 20:00:00,0,0,0,7.43667,5,0
EURDKKpro,240,1970.01.01 00:00:00,0,0,0,0,2,0
EURDKKpro,1440,2016.05.28 00:00:00,47.45697896749617,43.11290936544248,7.436224400181919,7.43517,100,0
EURDKKpro,10080,1970.01.01 00:00:00,0,0,0,0,1,0
EURDKKpro,43200,1970.01.01 00:00:00,0,0,0,0,1,0
EURGBPpro,1,2016.05.30 21:05:00,5.57491289198361,28.9759672718965,0.76160093686095,0.76145,100,0
EURGBPpro,5,2016.05.30 21:00:00,74.38016528925262,69.59633824295776,0.7616525855676449,0.76144,45,0
EURGBPpro,15,2016.05.30 20:45:00,26.84782608695658,0,0.7618936815640576,0.76192,16,0
EURGBPpro,30,2016.05.30 20:30:00,0,0,0.762138816,0.76192,9,0
EURGBPpro,60,2016.05.30 20:00:00,0,0,0,0.76192,5,0
EURGBPpro,240,1970.01.01 00:00:00,0,0,0,0,2,0
EURGBPpro,1440,2016.04.29 00:00:00,17.56828193832606,10.11942630774794,0.7814246143632586,0.7821900000000001,100,26
EURGBPpro,10080,1970.01.01 00:00:00,0,0,0,0,1,0
EURGBPpro,43200,1970.01.01 00:00:00,0,0,0,0,1,0
EURHUFpro,1,2016.05.30 20:43:00,12.30769230769954,9.417201556616851,313.769083413977,313.773,100,21
EURHUFpro,5,2016.05.30 21:00:00,38.65213082259126,35.93261256175614,313.7658775798593,313.755,46,0
EURHUFpro,15,2016.05.30 20:45:00,21.61607875307667,0,313.8725929720832,313.775,16,0
EURHUFpro,30,2016.05.30 20:30:00,33.89830508474713,61.72901456800493,313.9278249849908,313.775,34,0
EURHUFpro,60,2016.05.30 20:00:00,0,0,0,313.775,5,0
EURHUFpro,240,2016.05.30 17:00:00,0,0,313.8582,313.775,6,0
EURHUFpro,1440,2016.02.08 00:00:00,14.84620794314679,13.44019572252841,310.6218411783167,310.735,100,96
EURHUFpro,10080,1970.01.01 00:00:00,0,0,0,0,2,0
EURHUFpro,43200,1970.01.01 00:00:00,0,0,0,0,1,0
EURJPYpro,1,2016.05.30 19:36:00,19.76744186047396,15.94152286929816,123.7449895597916,123.748,100,90
EURJPYpro,5,2016.05.30 21:00:00,51.4516129032294,38.54323795819453,123.8056726220818,123.811,45,0
EURJPYpro,15,2016.05.30 20:45:00,69.45876288660213,0,123.7948338618573,123.825,16,0
EURJPYpro,30,2016.05.30 20:30:00,0,0,123.7779856,123.825,9,0
EURJPYpro,60,2016.05.30 20:00:00,0,0,0,123.825,5,0
EURJPYpro,240,1970.01.01 00:00:00,0,0,0,0,2,0
EURJPYpro,1440,2016.05.28 00:00:00,19.13901539796166,25.48546365040433,122.813292445219,122.504,100,0
EURJPYpro,10080,2016.05.22 00:00:00,15.40091945787813,20.86733602231288,123.5761664073352,122.504,100,0
EURJPYpro,43200,2016.04.01 00:00:00,19.03288201160545,28.47606807230132,128.5769075089713,121.659,100,0
EURNOKpro,1,2016.05.30 21:05:00,64.57339692633897,55.49726716025454,9.29676003128859,9.2982,100,0
EURNOKpro,5,2016.05.30 21:00:00,43.75237853609474,31.02296173544431,9.297246541218776,9.297700000000001,46,0
EURNOKpro,15,2016.05.30 20:45:00,19.07324036455785,0,9.300071969837877,9.2948,16,0
EURNOKpro,30,2016.05.30 20:30:00,0,0,9.303391360000001,9.2948,9,0
EURNOKpro,60,2016.05.30 20:00:00,69.19848462338551,77.44354445145009,9.295185205724085,9.2948,100,0
EURNOKpro,240,1970.01.01 00:00:00,0,0,0,0,2,0
EURNOKpro,1440,2016.03.08 00:00:00,19.04434400995608,15.82969243933382,9.414148383946292,9.435269999999999,100,71
EURNOKpro,10080,2016.05.22 00:00:00,0,0,0,9.2555,3,0
EURNOKpro,43200,1970.01.01 00:00:00,0,0,0,0,1,0
EURNZDpro,1,2016.05.30 21:05:00,53.46820809249287,37.26793317931997,1.66175711461533,1.66206,100,0
EURNZDpro,5,2016.05.30 21:00:00,62.98200514139485,61.6812659114112,1.661716507337391,1.66181,45,0
EURNZDpro,15,2016.05.30 20:45:00,23.18692543411647,0,1.66192900950016,1.66184,16,0
EURNZDpro,30,2016.05.30 20:30:00,0,0,1.662104064,1.66184,9,0
EURNZDpro,60,2016.05.30 20:00:00,0,0,0,1.66184,5,0
EURNZDpro,240,1970.01.01 00:00:00,0,0,0,0,2,0
EURNZDpro,1440,2016.05.28 00:00:00,32.90163198083584,26.31284516665896,1.657360390151177,1.65907,100,0
EURNZDpro,10080,1970.01.01 00:00:00,0,0,0,0,1,0
EURNZDpro,43200,1970.01.01 00:00:00,0,0,0,0,1,0
EURPLNpro,1,2016.05.30 21:05:00,30.26315789473622,39.59965002597671,4.394782750678807,4.39495,100,0
EURPLNpro,5,2016.05.30 21:00:00,79.33740191806741,82.58304819532614,4.3947963994797,4.39475,47,0
EURPLNpro,15,2016.05.30 20:45:00,51.66034155598373,0,4.394643330182554,4.39545,16,0
EURPLNpro,30,2016.05.30 20:30:00,68.84933248569494,75.83788787609745,4.393955368257833,4.39545,34,0
EURPLNpro,60,2016.05.30 20:00:00,79.02133423636897,78.50982045405115,4.392448933106444,4.39545,100,0
EURPLNpro,240,1970.01.01 00:00:00,0,0,0,0,2,0
EURPLNpro,1440,2016.05.28 00:00:00,42.84199363732785,63.23246559667614,4.402696477659416,4.38245,100,0
EURPLNpro,10080,1970.01.01 00:00:00,0,0,0,0,2,0
EURPLNpro,43200,1970.01.01 00:00:00,0,0,0,0,1,0
EURSEKpro,1,2016.05.30 21:05:00,33.27991452991654,18.54818044848691,9.280681490215594,9.28125,100,0
EURSEKpro,5,2016.05.30 21:00:00,66.43564356436518,74.42531362179581,9.280916648422874,9.281650000000001,45,0
EURSEKpro,15,2016.05.30 20:45:00,84.90161959577355,85.45531060186633,9.278524623036441,9.281040000000001,100,0
EURSEKpro,30,2016.05.30 20:30:00,0,0,9.276671872,9.281040000000001,9,0
EURSEKpro,60,2016.05.30 20:00:00,0,0,0,9.281040000000001,5,0
EURSEKpro,240,1970.01.01 00:00:00,0,0,0,0,2,0
EURSEKpro,1440,2016.05.28 00:00:00,21.3737139544999,34.61196797347898,9.290327935938237,9.274850000000001,100,0
EURSEKpro,10080,1970.01.01 00:00:00,0,0,0,0,2,0
EURSEKpro,43200,1970.01.01 00:00:00,0,0,0,0,1,0
EURTRYpro,1,2016.05.30 20:08:00,12.71428571428632,10.24907189136627,3.292583587912971,3.29314,100,58
EURTRYpro,5,2016.05.30 21:00:00,33.14255983350705,26.08498093495681,3.291527689596546,3.29161,45,0
EURTRYpro,15,2016.05.30 20:45:00,47.74703557312361,37.6898732319949,3.292237330868415,3.29197,100,0
EURTRYpro,30,2016.05.30 20:30:00,0,0,3.292578448,3.29197,9,0
EURTRYpro,60,2016.05.30 20:00:00,0,0,0,3.29197,5,0
EURTRYpro,240,1970.01.01 00:00:00,0,0,0,0,2,0
EURTRYpro,1440,2016.05.28 00:00:00,12.60885102221219,12.08357453840707,3.304685513641836,3.28596,100,0
EURTRYpro,10080,1970.01.01 00:00:00,0,0,0,0,1,0
EURTRYpro,43200,1970.01.01 00:00:00,0,0,0,0,1,0
EURUSD,1,2016.05.30 20:25:00,19.5804195804261,19.27851266149866,1.11357797237845,1.11361,100,41
EURUSD,5,2016.05.30 21:00:00,78.50746268656911,74.2328210981688,1.113802464314477,1.11375,45,0
EURUSD,15,2016.05.30 20:45:00,51.91146881288097,61.10445328041874,1.113737063911829,1.11386,100,0
EURUSD,30,2016.05.30 20:30:00,0,0,1.113708896,1.11386,9,0
EURUSD,60,2016.05.30 20:00:00,90.41487839771067,86.02681894723698,1.112884216529948,1.11386,100,0
EURUSD,240,2016.05.30 17:00:00,17.50386398763508,10.34257335268837,1.113295038038746,1.11386,100,1
EURUSD,1440,2016.05.28 00:00:00,8.936292879792521,9.792966608238581,1.118017309331744,1.11099,100,0
EURUSD,10080,2016.05.22 00:00:00,51.78817750563523,69.21102525901117,1.124624752331217,1.11099,100,0
EURUSD,43200,1970.01.01 00:00:00,0,0,0,0,1,0
EURUSDpro,1,2016.05.30 20:25:00,19.5804195804261,19.27851266149866,1.11357797237845,1.11361,100,41
EURUSDpro,5,2016.05.30 21:00:00,78.50746268656911,74.2328210981688,1.113802464314477,1.11375,45,0
EURUSDpro,15,2016.05.30 20:45:00,51.91146881288097,0,1.113760221425254,1.11386,16,0
EURUSDpro,30,2016.05.30 20:30:00,0,0,1.113708896,1.11386,9,0
EURUSDpro,60,2016.05.30 20:00:00,90.41487839771067,86.02681894723733,1.112884216529948,1.11386,100,0
EURUSDpro,240,1970.01.01 00:00:00,0,0,0,0,2,0
EURUSDpro,1440,2016.05.28 00:00:00,8.936292879792521,9.792966608238581,1.118017309331744,1.11099,100,0
EURUSDpro,10080,2016.05.22 00:00:00,51.78817750563523,69.21102525901118,1.124624752331217,1.11099,100,0
EURUSDpro,43200,1970.01.01 00:00:00,0,0,0,0,1,0
FRA40,1,2016.05.30 20:11:00,17.07317073170732,6.692596494071282,4494.970582527569,4495,100,50
FRA40,5,2016.05.30 21:00:00,56.41025641025641,52.44338822875409,4496.181568264401,4497,46,0
FRA40,15,2016.05.30 20:45:00,70.07299270072993,77.53745402181156,4494.342009786764,4496.5,31,0
FRA40,30,2016.05.30 20:30:00,0,0,4492.7464,4496.5,9,0
FRA40,60,2016.05.30 20:00:00,64,57.83360033384425,4488.231650770324,4496.5,100,0
FRA40,240,1970.01.01 00:00:00,0,0,0,0,2,0
FRA40,1440,2016.05.28 00:00:00,96.85382381413359,77.16713840120353,4410.83959213616,4487.5,100,0
FRA40,10080,1970.01.01 00:00:00,0,0,0,0,2,0
FRA40,43200,1970.01.01 00:00:00,0,0,0,0,1,0
GBPAUDpro,1,2016.05.30 21:05:00,99.51456310679298,80.84852639455494,2.035217647712428,2.03621,100,0
GBPAUDpro,5,2016.05.30 21:00:00,38.18749999999797,34.32396571681583,2.034824430215591,2.03587,45,0
GBPAUDpro,15,2016.05.30 20:45:00,76.84630738522931,71.37256804067462,2.03442404053039,2.03442,100,0
GBPAUDpro,30,2016.05.30 20:30:00,0,0,2.033912608,2.03442,9,0
GBPAUDpro,60,2016.05.30 20:00:00,15.00711237553308,25.51851327907262,2.03480419298626,2.03442,100,0
GBPAUDpro,240,1970.01.01 00:00:00,0,0,0,0,2,0
GBPAUDpro,1440,2016.03.10 00:00:00,17.55756578947366,14.68025963431364,1.919215408903297,1.92072,100,69
GBPAUDpro,10080,2016.04.24 00:00:00,16.92923730149557,10.34276395947964,1.899962028517092,1.91933,100,5
GBPAUDpro,43200,1970.01.01 00:00:00,0,0,0,0,1,0
GBPCADpro,1,2016.05.30 20:41:00,14.90159325211244,13.44879037248831,1.907469470106266,1.90748,100,24
GBPCADpro,5,2016.05.30 21:00:00,39.78919631093436,49.2047494618356,1.907279562841411,1.9082,45,0
GBPCADpro,15,2016.05.30 20:45:00,72.76357827476014,0,1.906675445079859,1.90715,16,0
GBPCADpro,30,2016.05.30 20:30:00,0,0,1.90650936,1.90715,9,0
GBPCADpro,60,2016.05.30 20:00:00,0,0,0,1.90715,5,0
GBPCADpro,240,2016.05.30 17:00:00,56.54074305338697,53.95432857587146,1.907645938266147,1.90715,100,0
GBPCADpro,1440,2016.05.28 00:00:00,72.74110312322877,78.18760915181677,1.901777427304026,1.90349,100,0
GBPCADpro,10080,1970.01.01 00:00:00,0,0,0,0,1,0
GBPCADpro,43200,1970.01.01 00:00:00,0,0,0,0,1,0
GBPCHFpro,1,2016.05.30 21:04:00,91.69884169884298,68.35276412580583,1.450998321014043,1.45141,100,0
GBPCHFpro,5,2016.05.30 21:00:00,23.5897435897458,25.71517918810558,1.450995034230032,1.45141,100,0
GBPCHFpro,15,2016.05.30 20:45:00,69.3683622135262,0,1.450709956980736,1.45048,16,0
GBPCHFpro,30,2016.05.30 20:30:00,0,0,1.450227136,1.45048,9,0
GBPCHFpro,60,2016.05.30 20:00:00,0,0,0,1.45048,5,0
GBPCHFpro,240,1970.01.01 00:00:00,0,0,0,0,2,0
GBPCHFpro,1440,2016.04.11 00:00:00,13.84132420091314,10.9212352359651,1.356529764668968,1.35781,100,42
GBPCHFpro,10080,1970.01.01 00:00:00,0,0,0,0,1,0
GBPCHFpro,43200,1970.01.01 00:00:00,0,0,0,0,1,0
GBPJPYpro,1,2016.05.30 21:05:00,90.64625850339965,76.09483708270993,162.5303619172403,162.555,100,0
GBPJPYpro,5,2016.05.30 21:00:00,37.50000000000082,34.51612889537893,162.5098902276663,162.559,45,0
GBPJPYpro,15,2016.05.30 20:45:00,77.03927492447194,0,162.4448302936064,162.488,16,0
GBPJPYpro,30,2016.05.30 20:30:00,0,0,162.3706176,162.488,9,0
GBPJPYpro,60,2016.05.30 20:00:00,0,0,0,162.488,5,0
GBPJPYpro,240,1970.01.01 00:00:00,0,0,0,0,2,0
GBPJPYpro,1440,2016.05.09 00:00:00,13.82179416065763,8.71337372120021,155.7501205390799,156.146,100,18
GBPJPYpro,10080,1970.01.01 00:00:00,0,0,0,0,1,0
GBPJPYpro,43200,1970.01.01 00:00:00,0,0,0,0,1,0
GBPNZDpro,1,2016.05.30 21:05:00,91.36094674555794,67.55765756601116,2.1816566173154,2.18245,100,0
GBPNZDpro,5,2016.05.30 17:35:00,19.36013125512954,9.899184640082215,2.18003718693044,2.1806,100,42
GBPNZDpro,15,2016.05.30 20:45:00,72.01216862234082,0,2.181033099370701,2.18089,16,0
GBPNZDpro,30,2016.05.30 20:30:00,29.24698021074488,19.70153179778899,2.181189994088787,2.18089,100,0
GBPNZDpro,60,2016.05.30 20:00:00,0,0,0,2.18089,5,0
GBPNZDpro,240,2016.05.12 16:00:00,14.39485039258633,13.07620318789109,2.119436462427546,2.12179,100,76
GBPNZDpro,1440,2016.02.29 00:00:00,17.87000423668977,13.82908143579937,2.112753291354037,2.11345,100,78
GBPNZDpro,10080,1970.01.01 00:00:00,0,0,0,0,1,0
GBPNZDpro,43200,1970.01.01 00:00:00,0,0,0,0,1,0
GBPUSD,1,2016.05.30 21:05:00,85.00000000000098,60.74722012387458,1.462064873361306,1.46222,100,0
GBPUSD,5,2016.05.30 21:00:00,29.53736654804085,32.10237746386485,1.462089438345525,1.4624,45,0
GBPUSD,15,2016.05.30 20:45:00,74.2338251986376,0,1.461572638900429,1.46169,16,0
GBPUSD,30,2016.05.30 20:30:00,0,0,1.46103368,1.46169,9,0
GBPUSD,60,2016.05.30 07:00:00,19.32479627473865,18.11184191531132,1.462011079682638,1.46217,100,14
GBPUSD,240,2016.05.23 13:00:00,16.4493344199952,10.44360954089276,1.452995702138469,1.45383,100,33
GBPUSD,1440,2016.03.02 00:00:00,15.62994880860312,9.679538221814759,1.401791395654414,1.40618,100,76
GBPUSD,10080,2016.05.22 00:00:00,67.91725555698312,66.03827654930656,1.443561306415143,1.46168,100,0
GBPUSD,43200,1970.01.01 00:00:00,0,0,0,0,1,0
GBPUSDpro,1,2016.05.30 21:04:00,74.63503649634697,48.19951694366216,1.462026091701633,1.4624,100,0
GBPUSDpro,5,2016.05.30 21:00:00,29.53736654804085,32.1023774638648,1.462089448210265,1.4624,100,0
GBPUSDpro,15,2016.05.30 20:45:00,74.2338251986376,0,1.461572638900429,1.46169,16,0
GBPUSDpro,30,2016.05.30 20:30:00,68.89880952380878,49.9543329636251,1.461215835813462,1.46169,100,0
GBPUSDpro,60,2016.05.30 20:00:00,0,0,0,1.46169,5,0
GBPUSDpro,240,2016.05.23 13:00:00,16.4493344199952,10.44360954089228,1.452995702138469,1.45383,100,33
GBPUSDpro,1440,2016.03.02 00:00:00,15.62994880860312,9.67953822181485,1.401791395654414,1.40618,100,76
GBPUSDpro,10080,1970.01.01 00:00:00,0,0,0,0,1,0
GBPUSDpro,43200,2016.04.01 00:00:00,18.73726209090418,26.00080086364114,1.470363266102205,1.46047,100,0
GER30,1,2016.05.30 21:05:00,63.76811594202898,71.74306649363855,10319.72939272393,10317.75,100,0
GER30,5,2016.05.30 21:00:00,21.16040955631399,38.55207094713817,10322.22716046963,10320.25,45,0
GER30,15,2016.05.30 20:45:00,66.43356643356644,0,10322.13580288512,10320.25,16,0
GER30,30,2016.05.30 20:30:00,0,0,10320.234,10320.25,9,0
GER30,60,2016.05.30 20:00:00,0,0,0,10320.25,5,0
GER30,240,1970.01.01 00:00:00,0,0,0,0,2,0
GER30,1440,2016.05.28 00:00:00,95.83596214511041,72.53746783229057,10127.78814671354,10295.25,100,0
GER30,10080,1970.01.01 00:00:00,0,0,0,0,1,0
GER30,43200,1970.01.01 00:00:00,0,0,0,0,1,0
HK50,1,1970.01.01 00:00:00,0,0,0,0,1,0
HK50,5,1970.01.01 00:00:00,0,0,0,0,1,0
HK50,15,1970.01.01 00:00:00,0,0,0,0,1,0
HK50,30,1970.01.01 00:00:00,0,0,0,0,1,0
HK50,60,2016.05.30 15:00:00,79.163179916318,79.24529637617624,20631.86477743359,20654,100,0
HK50,240,1970.01.01 00:00:00,0,0,0,0,1,0
HK50,1440,2016.05.27 00:00:00,89.58475153165418,68.39301159458394,20181.98163964896,20589,100,0
HK50,10080,1970.01.01 00:00:00,0,0,0,0,1,0
HK50,43200,1970.01.01 00:00:00,0,0,0,0,1,0
HTG_OIL,1,2016.05.30 21:05:00,31.6831683168326,34.86237764077346,1.494833505206343,1.4942,100,0
HTG_OIL,5,2016.05.30 21:00:00,70.22900763358759,80.33622610686754,1.49453242990663,1.4951,46,0
HTG_OIL,15,2016.05.30 20:45:00,86.55660377358429,0,1.492173616852992,1.4942,16,0
HTG_OIL,30,2016.05.30 20:30:00,0,0,1.49046496,1.4942,9,0
HTG_OIL,60,2016.05.30 20:00:00,0,0,0,1.4942,5,0
HTG_OIL,240,1970.01.01 00:00:00,0,0,0,0,2,0
HTG_OIL,1440,2016.05.28 00:00:00,78.12372812372811,76.90322718120233,1.483333877586769,1.4988,100,0
HTG_OIL,10080,1970.01.01 00:00:00,0,0,0,0,1,0
HTG_OIL,43200,1970.01.01 00:00:00,0,0,0,0,1,0
JPN225,1,2016.05.30 20:58:00,66.66666666666666,58.45238095238092,17057.10519769713,17055,97,0
JPN225,5,2016.05.30 20:50:00,37.5,59.99466804265565,17056.60490417833,17055,37,0
JPN225,15,2016.05.30 20:30:00,0,0,17057.252230656,17055,15,0
JPN225,30,2016.05.30 20:00:00,0,0,17054.76,17065,8,0
JPN225,60,2016.05.30 19:00:00,0,0,0,17065,4,0
JPN225,240,2016.05.30 13:00:00,80.40816326530611,63.41603173926092,16927.50779844476,17045,100,0
JPN225,1440,2016.05.09 00:00:00,15.63291139240506,9.272817205318162,16198.11418135065,16290,100,18
JPN225,10080,2016.05.22 00:00:00,44.0081799591002,50.69534120628463,16594.53952060181,16905,100,0
JPN225,43200,1970.01.01 00:00:00,0,0,0,0,1,0
NAS100,1,2016.05.30 21:03:00,56.78610206297567,50.71471270447809,4520.08149952299,4519.98,100,0
NAS100,5,2016.05.30 21:00:00,42.46153846154182,52.30024156302152,4520.007368655778,4520,45,0
NAS100,15,2016.05.30 20:45:00,73.81434941224327,0,4519.26975973253,4519.98,16,0
NAS100,30,2016.05.30 20:30:00,0,0,4518.895456,4519.98,9,0
NAS100,60,2016.05.30 20:00:00,43.98407816175342,42.5351858669573,4518.073132243624,4519.98,100,0
NAS100,240,1970.01.01 00:00:00,0,0,0,0,2,0
NAS100,1440,2016.05.28 00:00:00,98.2413554431218,87.56105542047216,4444.360230341937,4512.48,100,0
NAS100,10080,1970.01.01 00:00:00,0,0,0,0,1,0
NAS100,43200,1970.01.01 00:00:00,0,0,0,0,1,0
NZDCADpro,1,2016.05.30 20:50:00,15.3594771241848,7.422846330152673,0.8736421594641783,0.87369,100,15
NZDCADpro,5,2016.05.30 21:00:00,71.53996101364687,73.22242408676205,0.873740485682676,0.87392,45,0
NZDCADpro,15,2016.05.30 20:45:00,36.19186046511663,0,0.8736223519066112,0.87393,16,0
NZDCADpro,30,2016.05.30 20:30:00,0,0,0.8737385119999999,0.87393,9,0
NZDCADpro,60,2016.05.30 06:00:00,12.51127819548859,8.065710743093398,0.8730409115680603,0.87352,100,15
NZDCADpro,240,1970.01.01 00:00:00,0,0,0,0,2,0
NZDCADpro,1440,2016.04.28 00:00:00,15.16990291262142,10.18854072155013,0.8733708898197456,0.87364,100,27
NZDCADpro,10080,2016.05.22 00:00:00,39.67166016827407,28.576081471265,0.8810986980264781,0.87095,100,0
NZDCADpro,43200,1970.01.01 00:00:00,0,0,0,0,1,0
NZDCHFpro,1,2016.05.30 21:05:00,63.48314606741191,79.80366651975706,0.6647479052032725,0.66465,100,0
NZDCHFpro,5,2016.05.30 21:00:00,31.95020746887529,27.10430105385979,0.664763390452481,0.66475,45,0
NZDCHFpro,15,2016.05.30 20:45:00,65.16129032257956,0,0.6647617784932351,0.66473,16,0
NZDCHFpro,30,2016.05.30 20:30:00,0,0,0.6646834079999999,0.66473,9,0
NZDCHFpro,60,2016.05.30 20:00:00,0,0,0,0.66473,5,0
NZDCHFpro,240,1970.01.01 00:00:00,0,0,0,0,2,0
NZDCHFpro,1440,2016.05.28 00:00:00,50.63025210084013,66.60708284208972,0.6668700583398648,0.66465,100,0
NZDCHFpro,10080,1970.01.01 00:00:00,0,0,0,0,1,0
NZDCHFpro,43200,1970.01.01 00:00:00,0,0,0,0,1,0
NZDJPYpro,1,2016.05.30 21:04:00,52.57142857142788,63.55748855037923,74.46424569087884,74.455,100,0
NZDJPYpro,5,2016.05.30 21:00:00,53.65853658536228,40.6219920253499,74.45738546789971,74.455,45,0
NZDJPYpro,15,2016.05.30 20:45:00,81.60315374507175,0,74.44187594950655,74.46899999999999,16,0
NZDJPYpro,30,2016.05.30 20:30:00,0,0,74.4235856,74.46899999999999,9,0
NZDJPYpro,60,2016.05.30 20:00:00,79.19621749409056,83.66660075463396,74.36741117474608,74.46899999999999,100,0
NZDJPYpro,240,1970.01.01 00:00:00,0,0,0,0,2,0
NZDJPYpro,1440,2016.04.12 00:00:00,19.7608088437783,14.67632142364431,74.683875674823,74.871,100,41
NZDJPYpro,10080,1970.01.01 00:00:00,0,0,0,0,1,0
NZDJPYpro,43200,1970.01.01 00:00:00,0,0,0,0,1,0
NZDUSD,1,2016.05.30 21:05:00,42.24598930480718,57.22225300285131,0.6698694696226836,0.6696800000000001,100,0
NZDUSD,5,2016.05.30 21:00:00,59.40170940171492,58.81655182531267,0.6699391657110679,0.66986,45,0
NZDUSD,15,2016.05.30 20:45:00,75.65922920892928,0,0.6698393545644032,0.66995,16,0
NZDUSD,30,2016.05.30 20:30:00,0,0,0.66973848,0.66995,9,0
NZDUSD,60,2016.05.30 20:00:00,85.46255506608003,65.26776096484721,0.6694009991100145,0.66995,100,0
NZDUSD,240,1970.01.01 00:00:00,0,0,0,0,2,0
NZDUSD,1440,2016.05.28 00:00:00,24.96379959455534,29.68801980080359,0.6740887262830467,0.66882,100,0
NZDUSD,10080,1970.01.01 00:00:00,0,0,0,0,1,0
NZDUSD,43200,1970.01.01 00:00:00,0,0,0,0,1,0
NZDUSDpro,1,2016.05.30 21:04:00,58.51063829786511,59.34123696007224,0.6699168370283545,0.66986,100,0
NZDUSDpro,5,2016.05.30 21:00:00,59.40170940171492,58.81655182531267,0.6699391657110679,0.66986,45,0
NZDUSDpro,15,2016.05.30 20:45:00,75.65922920892928,0,0.6698393545644032,0.66995,16,0
NZDUSDpro,30,2016.05.30 20:30:00,0,0,0.66973848,0.66995,9,0
NZDUSDpro,60,2016.05.30 20:00:00,0,0,0,0.66995,5,0
NZDUSDpro,240,2016.05.30 17:00:00,16.57992565055806,20.27519229423173,0.6703096900367354,0.66995,100,0
NZDUSDpro,1440,2016.05.28 00:00:00,24.96379959455534,29.68801980080361,0.6740887262830467,0.66882,100,0
NZDUSDpro,10080,1970.01.01 00:00:00,0,0,0,0,1,0
NZDUSDpro,43200,2016.04.01 00:00:00,48.16668499981668,32.36817142687156,0.6812979114357589,0.69742,100,0
PALLAD,1,2016.05.30 20:48:00,13.44827586207082,10.81981284676361,539.258565873246,539.38,100,17
PALLAD,5,2016.05.30 21:00:00,47.4678111587986,48.09356223176005,539.4833644178153,539,46,0
PALLAD,15,2016.05.30 20:45:00,67.29254996971591,0,539.376942579712,539.2,16,0
PALLAD,30,2016.05.30 20:30:00,0,0,538.8831999999999,539.2,9,0
PALLAD,60,2016.05.30 20:00:00,0,0,0,539.2,5,0
PALLAD,240,1970.01.01 00:00:00,0,0,0,0,2,0
PALLAD,1440,2016.05.28 00:00:00,17.86788154897502,10.63825542559622,548.8355454729549,537.63,100,0
PALLAD,10080,1970.01.01 00:00:00,0,0,0,0,1,0
PALLAD,43200,1970.01.01 00:00:00,0,0,0,0,1,0
PLAT,1,2016.05.30 21:05:00,16.10169491525476,20.87530200314054,971.3750489067941,970.65,100,0
PLAT,5,2016.05.30 21:00:00,45.40229885057398,48.39627925511839,972.5176421935821,971.55,45,0
PLAT,15,2016.05.30 20:45:00,68.83116883116799,0,972.644660929536,972.25,16,0
PLAT,30,2016.05.30 20:30:00,0,0,972.122,972.25,9,0
PLAT,60,2016.05.25 08:00:00,19.44444444444439,13.41205032139715,1002.215329122876,1003.55,100,83
PLAT,240,1970.01.01 00:00:00,0,0,0,0,2,0
PLAT,1440,2016.05.28 00:00:00,3.182722364308054,7.290881357153997,1002.298549276068,977.65,100,0
PLAT,10080,2016.05.22 00:00:00,69.95549904640815,78.41059830746757,1009.452209632223,977.65,100,0
PLAT,43200,1970.01.01 00:00:00,0,0,0,0,1,0
SGDJPYpro,1,2016.05.30 21:05:00,50.34482758619385,49.86404381700186,80.46439079937963,80.467,100,0
SGDJPYpro,5,2016.05.30 21:00:00,45.6395348837162,40.5841231194571,80.46064815980188,80.461,45,0
SGDJPYpro,15,2016.05.30 20:45:00,65.39235412474611,0,80.45821935228926,80.46299999999999,16,0
SGDJPYpro,30,2016.05.30 20:30:00,0,0,80.4555056,80.46299999999999,9,0
SGDJPYpro,60,2016.05.30 20:00:00,0,0,0,80.46299999999999,5,0
SGDJPYpro,240,1970.01.01 00:00:00,0,0,0,0,2,0
SGDJPYpro,1440,2016.05.28 00:00:00,78.05353660698455,66.84938298921458,79.73848965904426,79.873,100,0
SGDJPYpro,10080,1970.01.01 00:00:00,0,0,0,0,1,0
SGDJPYpro,43200,1970.01.01 00:00:00,0,0,0,0,1,0
SOYBEAN,1,1970.01.01 00:00:00,0,0,0,0,2,0
SOYBEAN,5,2016.05.30 05:00:00,47.33333333333364,52.17991473532638,10.86131167050961,10.8675,100,0
SOYBEAN,15,1970.01.01 00:00:00,0,0,0,0,2,0
SOYBEAN,30,1970.01.01 00:00:00,0,0,0,0,2,0
SOYBEAN,60,2016.05.30 05:00:00,75.83081570996968,61.49171903714906,10.82991178209232,10.8675,100,0
SOYBEAN,240,1970.01.01 00:00:00,0,0,0,0,2,0
SOYBEAN,1440,2016.05.28 00:00:00,68.6567164179105,56.14059967706605,10.73920560000884,10.865,100,0
SOYBEAN,10080,2014.10.19 00:00:00,17.06710567215042,7.901619092556748,9.769737279285584,9.782500000000001,100,84
SOYBEAN,43200,1970.01.01 00:00:00,0,0,0,0,1,0
SPX500,1,2016.05.30 20:54:00,17.39130434782609,4.347826086956509,2101.692480535818,2101.88,88,6
SPX500,5,2016.05.30 21:00:00,28,42.08827952233526,2101.896727806578,2101.63,40,0
SPX500,15,2016.05.30 20:45:00,73.17073170731707,0,2101.82776448512,2101.63,16,0
SPX500,30,2016.05.30 20:30:00,0,0,2101.6236,2101.63,9,0
SPX500,60,2016.05.30 20:00:00,0,0,0,2101.63,5,0
SPX500,240,1970.01.01 00:00:00,0,0,0,0,2,0
SPX500,1440,2016.05.28 00:00:00,96.85442574981712,78.51388484600361,2076.847207674114,2098.38,100,0
SPX500,10080,1970.01.01 00:00:00,0,0,0,0,1,0
SPX500,43200,1970.01.01 00:00:00,0,0,0,0,1,0
SUGAR,1,1970.01.01 00:00:00,0,0,0,0,1,0
SUGAR,5,1970.01.01 00:00:00,0,0,0,0,1,0
SUGAR,15,1970.01.01 00:00:00,0,0,0,0,1,0
SUGAR,30,1970.01.01 00:00:00,0,0,0,0,1,0
SUGAR,60,2016.05.28 00:00:00,89.13043478260867,80.75431792598847,0.1741247040313614,0.1754,100,0
SUGAR,240,1970.01.01 00:00:00,0,0,0,0,1,0
SUGAR,1440,2016.04.15 00:00:00,15.26032315978448,12.83741265175122,0.1445184813025338,0.1455,100,38
SUGAR,10080,2015.08.30 00:00:00,18.58766233766234,14.80316491710128,0.1113439376106556,0.112,100,39
SUGAR,43200,1970.01.01 00:00:00,0,0,0,0,1,0
UK100,1,1970.01.01 00:00:00,0,0,0,0,1,0
UK100,5,1970.01.01 00:00:00,0,0,0,0,1,0
UK100,15,1970.01.01 00:00:00,0,0,0,0,1,0
UK100,30,1970.01.01 00:00:00,0,0,0,0,1,0
UK100,60,1970.01.01 00:00:00,0,0,0,0,1,0
UK100,240,1970.01.01 00:00:00,0,0,0,0,1,0
UK100,1440,2016.05.28 00:00:00,94.50402144772117,81.8620205956565,6203.782125698433,6250,100,0
UK100,10080,2016.05.22 00:00:00,40.29113595009098,61.36250534825574,6158.268203049006,6250,100,0
UK100,43200,2016.04.01 00:00:00,43.07220319634703,38.53863744733848,6237.517800391301,6212,90,0
UK_OIL,1,2016.05.30 20:05:00,17.39130434783213,15.81226378421775,49.7048370883648,49.71,100,59
UK_OIL,5,2016.05.30 21:00:00,69.66292134831588,76.1997327472545,49.81482172291885,49.83,100,0
UK_OIL,15,2016.05.30 20:45:00,81.73076923076943,86.01474072794551,49.75906003969256,49.81,100,0
UK_OIL,30,2016.05.30 18:00:00,19.99999999999954,19.38624368992269,49.64514889722018,49.69,100,6
UK_OIL,60,2016.05.30 20:00:00,35.5855855855858,18.75142894969039,49.72206912828938,49.81,100,0
UK_OIL,240,2016.05.30 17:00:00,72.12500000000026,61.03918763923512,49.68090537632511,49.81,100,0
UK_OIL,1440,2016.04.06 00:00:00,19.28406466512697,18.16704065873472,39.12686776087747,39.73,100,46
UK_OIL,10080,2015.02.01 00:00:00,18.55411092268074,9.519385252823088,57.70552095290881,58.1,100,69
UK_OIL,43200,2009.05.01 08:00:00,14.91461324824204,10.17113931460167,63.06793579372741,65.8,100,84
US30,1,2016.05.30 21:05:00,64.70588235294117,73.77106921652302,17893.36137991069,17892,100,0
US30,5,2016.05.30 21:00:00,28.84615384615384,23.66864597390916,17894.87865653135,17894,45,0
US30,15,2016.05.30 20:45:00,73.68421052631578,0,17894.54958143488,17893,16,0
US30,30,2016.05.30 20:30:00,0,0,17893.2688,17893,9,0
US30,60,2016.05.26 13:00:00,19.5046439628483,16.05451358443433,17805.43167503512,17810,100,55
US30,240,1970.01.01 00:00:00,0,0,0,0,2,0
US30,1440,2016.05.28 00:00:00,94.13946587537092,70.88237553973417,17721.27192008375,17860,100,0
US30,10080,1970.01.01 00:00:00,0,0,0,0,1,0
US30,43200,1970.01.01 00:00:00,0,0,0,0,1,0
USDCAD,1,2016.05.30 20:50:00,15.61461794019431,11.60227458129989,1.304186624399007,1.30421,100,16
USDCAD,5,2016.05.30 19:40:00,19.52595936794824,11.15389473118042,1.303995282255852,1.30408,45,17
USDCAD,15,2016.05.30 20:45:00,34.59614010007337,0,1.304503480962253,1.30472,16,0
USDCAD,30,2016.05.30 20:30:00,0,0,1.304871296,1.30472,9,0
USDCAD,60,2016.05.30 20:00:00,16.89860834990137,42.7055385950087,1.30561644662194,1.30472,100,0
USDCAD,240,1970.01.01 00:00:00,0,0,0,0,2,0
USDCAD,1440,2016.05.28 00:00:00,56.06918997107046,74.60223639759272,1.303132776759069,1.3021,100,0
USDCAD,10080,1970.01.01 00:00:00,0,0,0,0,1,0
USDCAD,43200,1970.01.01 00:00:00,0,0,0,0,1,0
USDCADpro,1,2016.05.30 20:50:00,15.61461794019431,11.60227458129989,1.304186624399007,1.30421,100,16
USDCADpro,5,2016.05.30 19:40:00,19.52595936794824,11.15389473118042,1.303995282255852,1.30408,45,17
USDCADpro,15,2016.05.30 20:45:00,34.59614010007337,0,1.304503480962253,1.30472,16,0
USDCADpro,30,2016.05.30 20:30:00,0,0,1.304871296,1.30472,9,0
USDCADpro,60,2016.05.30 20:00:00,0,0,0,1.30472,5,0
USDCADpro,240,1970.01.01 00:00:00,0,0,0,0,2,0
USDCADpro,1440,2016.05.28 00:00:00,56.06918997107046,74.60223639759268,1.303132776759069,1.3021,100,0
USDCADpro,10080,1970.01.01 00:00:00,0,0,0,0,1,0
USDCADpro,43200,1970.01.01 00:00:00,0,0,0,0,1,0
USDCHF,1,2016.05.30 21:05:00,92.66055045871285,91.47092615724857,0.9924984434958365,0.99259,100,0
USDCHF,5,2016.05.30 21:00:00,26.71394799054055,21.07468221223903,0.9924265971707456,0.99252,45,0
USDCHF,15,2016.05.30 20:45:00,41.58653846153927,0,0.9925790208325631,0.99235,16,0
USDCHF,30,2016.05.30 20:30:00,0,0,0.992615664,0.99235,9,0
USDCHF,60,2016.05.30 20:00:00,23.33333333333394,30.74882617305048,0.9932650513751048,0.99235,100,0
USDCHF,240,2016.05.30 17:00:00,79.12817551963015,85.45619295902851,0.9927601772500856,0.99235,100,0
USDCHF,1440,2016.05.28 00:00:00,88.73192436040036,91.36304364003364,0.9895104877802738,0.99405,100,0
USDCHF,10080,2016.04.17 00:00:00,19.54538021259198,18.3090378681473,0.9738659610583369,0.97755,100,6
USDCHF,43200,1970.01.01 00:00:00,0,0,0,0,1,0
USDCHFpro,1,2016.05.30 21:04:00,93.4210526315792,90.26501927406234,0.9924755543697955,0.99252,100,0
USDCHFpro,5,2016.05.30 21:00:00,26.71394799054055,21.07468221223903,0.9924265971707456,0.99252,45,0
USDCHFpro,15,2016.05.30 20:45:00,41.58653846153927,0,0.9925790208325631,0.99235,16,0
USDCHFpro,30,2016.05.30 20:30:00,0,0,0.992615664,0.99235,9,0
USDCHFpro,60,2016.05.30 20:00:00,0,0,0,0.99235,5,0
USDCHFpro,240,1970.01.01 00:00:00,0,0,0,0,2,0
USDCHFpro,1440,2016.05.28 00:00:00,88.73192436040036,91.36304364003357,0.9895104877802738,0.99405,100,0
USDCHFpro,10080,1970.01.01 00:00:00,0,0,0,0,1,0
USDCHFpro,43200,1970.01.01 00:00:00,0,0,0,0,1,0
USDCNHpro,1,2016.05.30 17:42:00,12.00000000000782,0,6.588844020624016,6.5889,98,81
USDCNHpro,5,2016.05.30 20:55:00,49.230769230785,43.58932764851579,6.588950629141341,6.5891,37,0
USDCNHpro,15,2016.05.30 20:45:00,41.05263157895592,0,6.589048937478145,6.5891,16,0
USDCNHpro,30,2016.05.30 20:30:00,0,0,6.589229280000001,6.5891,9,0
USDCNHpro,60,2016.05.30 20:00:00,0,0,0,6.5891,5,0
USDCNHpro,240,1970.01.01 00:00:00,0,0,0,0,2,0
USDCNHpro,1440,2016.05.28 00:00:00,65.22655426765024,63.93679066985757,6.562481087518568,6.5739,100,0
USDCNHpro,10080,1970.01.01 00:00:00,0,0,0,0,1,0
USDCNHpro,43200,1970.01.01 00:00:00,0,0,0,0,1,0
USDCZKpro,1,2016.05.30 21:05:00,78.32167832166414,77.90111860761525,24.2571787127177,24.2586,100,0
USDCZKpro,5,2016.05.30 21:00:00,21.77419354839449,24.00860557189703,24.25509202174239,24.257,45,0
USDCZKpro,15,2016.05.30 20:45:00,46.58869395711773,0,24.25561546322125,24.2533,16,0
USDCZKpro,30,2016.05.30 20:30:00,0,0,24.25683024,24.2533,9,0
USDCZKpro,60,2016.05.30 20:00:00,0,0,0,24.2533,5,0
USDCZKpro,240,1970.01.01 00:00:00,0,0,0,0,2,0
USDCZKpro,1440,2016.05.28 00:00:00,88.44145499601751,89.13598962660637,24.15518210861894,24.2625,100,0
USDCZKpro,10080,1970.01.01 00:00:00,0,0,0,0,1,0
USDCZKpro,43200,1970.01.01 00:00:00,0,0,0,0,1,0
USDDKKpro,1,2016.05.30 21:05:00,79.35483870968883,75.72793123607926,6.676575542667477,6.6771,100,0
USDDKKpro,5,2016.05.30 21:00:00,20.79365079364799,24.57741450108331,6.67594428814287,6.67646,45,0
USDDKKpro,15,2016.05.30 20:45:00,48.4552845528491,0,6.676133031157759,6.6756,16,0
USDDKKpro,30,2016.05.30 20:30:00,0,0,6.676430592,6.6756,9,0
USDDKKpro,60,2016.05.30 20:00:00,0,0,0,6.6756,5,0
USDDKKpro,240,1970.01.01 00:00:00,0,0,0,0,2,0
USDDKKpro,1440,2016.05.28 00:00:00,90.40620736137819,89.56095259875244,6.650414730494215,6.69005,100,0
USDDKKpro,10080,1970.01.01 00:00:00,0,0,0,0,1,0
USDDKKpro,43200,1970.01.01 00:00:00,0,0,0,0,1,0
USDHKD,1,2016.05.30 17:12:00,15.38461538456283,11.33963868946021,7.767685515784725,7.7677,100,70
USDHKD,5,2016.05.30 19:45:00,17.64705882348331,10.02751977981692,7.768379205322437,7.7684,100,13
USDHKD,15,2016.05.30 20:45:00,58.97435897436131,60.56513625833359,7.768386000118484,7.7687,100,0
USDHKD,30,2016.05.30 20:30:00,68.96551724138934,64.35242548218534,7.768345937373442,7.7687,100,0
USDHKD,60,2016.05.30 20:00:00,76.28865979382076,81.24924423705872,7.768163676372483,7.7687,100,0
USDHKD,240,2016.05.30 17:00:00,82.97872340425677,73.87483956970924,7.767069687110684,7.7687,100,0
USDHKD,1440,2016.03.24 00:00:00,19.6261682242991,10.88703314430176,7.756756759132875,7.7601,100,57
USDHKD,10080,2016.05.01 00:00:00,15.49999999999939,8.941527642416929,7.758913952669606,7.7599,100,4
USDHKD,43200,2014.09.01 00:00:00,19.9119911991207,19.3520281793866,7.755303408347812,7.7648,61,20
USDHUFpro,1,2016.05.30 20:02:00,17.76729559748353,8.127181179285227,281.6518077118333,281.676,100,64
USDHUFpro,5,2016.05.30 21:00:00,31.46929824561859,31.90590144117395,281.6489916799943,281.661,45,0
USDHUFpro,15,2016.05.30 20:45:00,23.46303501945617,0,281.7612883996263,281.642,16,0
USDHUFpro,30,2016.05.30 20:30:00,0,0,281.8289888,281.642,9,0
USDHUFpro,60,2016.05.30 20:00:00,0,0,0,281.642,5,0
USDHUFpro,240,1970.01.01 00:00:00,0,0,0,0,2,0
USDHUFpro,1440,2016.05.28 00:00:00,66.36947336904097,74.10654725503952,281.3329748345851,282.175,100,0
USDHUFpro,10080,1970.01.01 00:00:00,0,0,0,0,1,0
USDHUFpro,43200,1970.01.01 00:00:00,0,0,0,0,1,0
USDJPY,1,2016.05.30 21:05:00,58.10810810811823,65.33426748376171,111.1633312367235,111.17,100,0
USDJPY,5,2016.05.30 21:00:00,43.66729678638834,32.10358685352673,111.1466214735438,111.158,45,0
USDJPY,15,2016.05.30 20:45:00,69.66759002770003,0,111.1404531668787,111.161,16,0
USDJPY,30,2016.05.30 20:30:00,0,0,111.1305168,111.161,9,0
USDJPY,60,2016.05.30 20:00:00,50.72980862796004,69.77912901132399,111.1027625414563,111.161,100,0
USDJPY,240,2016.05.30 17:00:00,87.97998749218245,80.44700346821027,110.6256690640662,111.161,100,0
USDJPY,1440,2016.05.28 00:00:00,69.9374801313979,70.70438762315391,109.8385910440001,110.238,100,0
USDJPY,10080,2016.05.22 00:00:00,33.0636193720869,24.86965490465282,109.8910585218109,110.238,100,0
USDJPY,43200,1970.01.01 00:00:00,0,0,0,0,1,0
USDJPYpro,1,2016.05.30 21:04:00,62.7118644067867,69.145171813696,111.1616640459044,111.158,100,0
USDJPYpro,5,2016.05.30 21:00:00,43.66729678638834,32.10358685352673,111.1466214735438,111.158,45,0
USDJPYpro,15,2016.05.30 20:45:00,69.66759002770003,0,111.1404531668787,111.161,16,0
USDJPYpro,30,2016.05.30 20:30:00,0,0,111.1305168,111.161,9,0
USDJPYpro,60,2016.05.30 20:00:00,50.72980862796004,69.77912901132399,111.1027625414563,111.161,100,0
USDJPYpro,240,1970.01.01 00:00:00,0,0,0,0,2,0
USDJPYpro,1440,2016.05.28 00:00:00,69.9374801313979,70.70438762315408,109.8385910440001,110.238,100,0
USDJPYpro,10080,1970.01.01 00:00:00,0,0,0,0,1,0
USDJPYpro,43200,1970.01.01 00:00:00,0,0,0,0,1,0
USDMXNpro,1,2016.05.30 21:05:00,23.5277382645727,37.50007020845864,18.4827599620294,18.4822,100,0
USDMXNpro,5,2016.05.30 21:00:00,66.88916485563752,69.53509371308328,18.48052253940027,18.48154,45,0
USDMXNpro,15,2016.05.30 20:45:00,47.26471668094289,0,18.48196776846459,18.4868,16,0
USDMXNpro,30,2016.05.30 20:30:00,0,0,18.48379072,18.4868,9,0
USDMXNpro,60,2016.05.30 20:00:00,0,0,0,18.4868,5,0
USDMXNpro,240,1970.01.01 00:00:00,0,0,0,0,2,0
USDMXNpro,1440,2016.03.08 00:00:00,11.84155945005112,10.50585555249167,17.90977865171241,17.9101,100,71
USDMXNpro,10080,1970.01.01 00:00:00,0,0,0,0,1,0
USDMXNpro,43200,1970.01.01 00:00:00,0,0,0,0,1,0
USDNOKpro,1,2016.05.30 21:05:00,76.89530685920261,68.18864227967617,8.346590922653705,8.348649999999999,100,0
USDNOKpro,5,2016.05.30 21:00:00,44.43644220381974,35.88815825535916,8.346463727550232,8.34675,45,0
USDNOKpro,15,2016.05.30 20:45:00,23.26495908172982,0,8.349222929336117,8.344049999999999,16,0
USDNOKpro,30,2016.05.30 20:30:00,0,0,8.35276232,8.344049999999999,9,0
USDNOKpro,60,2016.05.30 20:00:00,0,0,0,8.344049999999999,5,0
USDNOKpro,240,1970.01.01 00:00:00,0,0,0,0,2,0
USDNOKpro,1440,2016.05.28 00:00:00,67.84797323582031,75.72024577608708,8.305940914429275,8.327199999999999,100,0
USDNOKpro,10080,2016.05.22 00:00:00,38.13061315001659,23.71257950799763,8.281655582375326,8.327199999999999,100,0
USDNOKpro,43200,1970.01.01 00:00:00,0,0,0,0,1,0
USDPLNpro,1,2016.05.30 21:05:00,36.60418963616522,51.40735872342081,3.945280052997146,3.94555,100,0
USDPLNpro,5,2016.05.30 21:00:00,59.97506234414004,58.6037839066333,3.945104734890163,3.94508,45,0
USDPLNpro,15,2016.05.30 20:45:00,46.19266055045928,0,3.944991591422976,3.94531,16,0
USDPLNpro,30,2016.05.30 20:30:00,0,0,3.945077488,3.94531,9,0
USDPLNpro,60,2016.05.30 20:00:00,0,0,0,3.94531,5,0
USDPLNpro,240,1970.01.01 00:00:00,0,0,0,0,2,0
USDPLNpro,1440,2016.02.15 00:00:00,19.95347995041576,16.5687611406764,3.945252636369879,3.94634,100,90
USDPLNpro,10080,1970.01.01 00:00:00,0,0,0,0,1,0
USDPLNpro,43200,1970.01.01 00:00:00,0,0,0,0,1,0
USDRUBpro,1,2016.05.30 21:05:00,60.71757129713912,47.09413263688916,65.87708969580953,65.8935,100,0
USDRUBpro,5,2016.05.30 21:00:00,55.62724014337043,69.47907124069698,65.88104771795221,65.87649999999999,45,0
USDRUBpro,15,2016.05.30 20:45:00,50.69117647058717,0,65.89399488648601,65.8839,16,0
USDRUBpro,30,2016.05.30 20:30:00,0,0,65.92150511999999,65.8839,9,0
USDRUBpro,60,2016.05.30 20:00:00,0,0,0,65.8839,5,0
USDRUBpro,240,1970.01.01 00:00:00,0,0,0,0,2,0
USDRUBpro,1440,2016.05.28 00:00:00,59.33650112997613,74.89559200123779,65.89205228360548,65.3009,100,0
USDRUBpro,10080,1970.01.01 00:00:00,0,0,0,0,1,0
USDRUBpro,43200,1970.01.01 00:00:00,0,0,0,0,1,0
USDSEKpro,1,2016.05.30 21:05:00,54.00870105655918,50.38583807064401,8.33194170823857,8.33325,100,0
USDSEKpro,5,2016.05.30 21:00:00,39.03852710535057,51.24787447272159,8.331407339708779,8.33235,45,0
USDSEKpro,15,2016.05.30 20:45:00,76.67780920545,0,8.329676188430948,8.33095,16,0
USDSEKpro,30,2016.05.30 20:30:00,0,0,8.328409904000001,8.33095,9,0
USDSEKpro,60,2016.05.30 20:00:00,0,0,0,8.33095,5,0
USDSEKpro,240,1970.01.01 00:00:00,0,0,0,0,2,0
USDSEKpro,1440,2016.05.28 00:00:00,57.06370097394047,68.21070243972915,8.308788165100481,8.34665,100,0
USDSEKpro,10080,1970.01.01 00:00:00,0,0,0,0,1,0
USDSEKpro,43200,1970.01.01 00:00:00,0,0,0,0,1,0
USDSGDpro,1,2016.05.30 21:05:00,42.12765957445382,47.51184504042423,1.380944358123516,1.38097,100,0
USDSGDpro,5,2016.05.30 21:00:00,47.7477477477397,35.83540349955351,1.380821665572404,1.38095,45,0
USDSGDpro,15,2016.05.30 20:45:00,77.70800627943169,0,1.380787826638848,1.38092,16,0
USDSGDpro,30,2016.05.30 20:30:00,0,0,1.380701312,1.38092,9,0
USDSGDpro,60,2016.05.30 20:00:00,0,0,0,1.38092,5,0
USDSGDpro,240,1970.01.01 00:00:00,0,0,0,0,2,0
USDSGDpro,1440,2016.05.28 00:00:00,62.00023587687211,76.09947197541216,1.376729257695726,1.37884,100,0
USDSGDpro,10080,1970.01.01 00:00:00,0,0,0,0,1,0
USDSGDpro,43200,1970.01.01 00:00:00,0,0,0,0,1,0
USDTRYpro,1,2016.05.30 21:05:00,65.00000000000601,66.68760666396096,2.954500860323922,2.95448,100,0
USDTRYpro,5,2016.05.30 21:00:00,29.91675338189285,24.85164481515078,2.954430572232395,2.95465,45,0
USDTRYpro,15,2016.05.30 20:45:00,49.06029757243095,0,2.955181426914918,2.95464,16,0
USDTRYpro,30,2016.05.30 20:30:00,0,0,2.95568224,2.95464,9,0
USDTRYpro,60,2016.05.30 20:00:00,0,0,0,2.95464,5,0
USDTRYpro,240,1970.01.01 00:00:00,0,0,0,0,2,0
USDTRYpro,1440,2016.05.28 00:00:00,18.99593604750202,31.97668311355857,2.954931934330487,2.95675,100,0
USDTRYpro,10080,1970.01.01 00:00:00,0,0,0,0,1,0
USDTRYpro,43200,1970.01.01 00:00:00,0,0,0,0,1,0
USDZARpro,1,2016.05.30 21:05:00,95.75415883622314,89.67200500230496,15.81625557008493,15.8224,100,0
USDZARpro,5,2016.05.30 21:00:00,79.88535450829268,71.46211789661955,15.79581770126051,15.8236,45,0
USDZARpro,15,2016.05.30 20:45:00,74.62201497809627,0,15.78325597111705,15.8111,16,0
USDZARpro,30,2016.05.30 20:30:00,0,0,15.781690272,15.8111,9,0
USDZARpro,60,2016.05.30 20:00:00,0,0,0,15.8111,5,0
USDZARpro,240,1970.01.01 00:00:00,0,0,0,0,2,0
USDZARpro,1440,2016.05.28 00:00:00,39.65482626328242,57.48636575937778,15.63063098322372,15.7197,100,0
USDZARpro,10080,1970.01.01 00:00:00,0,0,0,0,1,0
USDZARpro,43200,1970.01.01 00:00:00,0,0,0,0,1,0
US_NATG,1,2016.05.30 21:04:00,24.99999999999827,43.3522727272719,2.145389095181113,2.145,100,0
US_NATG,5,2016.05.30 14:30:00,15.55555555555553,7.328183798771843,2.152997997249528,2.153,100,54
US_NATG,15,2016.05.28 04:30:00,11.26760563380273,6.360037787651645,2.157303567182141,2.158,100,55
US_NATG,30,2016.05.27 17:00:00,15.78947368421053,14.74277805276015,2.134141660906699,2.135,100,53
US_NATG,60,2016.05.27 17:00:00,16.00000000000044,15.03349885318449,2.134744127019325,2.135,100,28
US_NATG,240,2016.05.17 16:00:00,14.95901639344255,10.25484101297383,2.044505922091377,2.051,100,57
US_NATG,1440,2016.05.28 00:00:00,63.19311663479921,45.09942762019843,2.088910642406367,2.16,100,0
US_NATG,10080,2014.08.24 00:00:00,16.85878962536021,9.274942338885399,4.013656842623273,4.076,100,92
US_NATG,43200,2016.04.01 00:00:00,32.44964454976303,30.18436937770853,2.245813404145645,2.134,67,0
US_OIL,1,2016.05.30 21:05:00,57.14285714286178,57.99871299871677,49.29824571207381,49.28,100,0
US_OIL,5,2016.05.30 21:00:00,70.27027027027022,69.69741697121114,49.28111733800628,49.31,100,0
US_OIL,15,2016.05.30 20:45:00,74.99999999999977,77.23234562510694,49.2351632873809,49.28,100,0
US_OIL,30,2016.05.30 20:30:00,77.86885245901637,60.75867803803008,49.2151857873886,49.28,100,0
US_OIL,60,2016.05.30 20:00:00,37.6344086021508,21.90408751379316,49.21970155150352,49.28,100,0
US_OIL,240,2016.05.10 20:00:00,18.35714285714291,14.65929164711488,43.87672579904124,44.31,100,87
US_OIL,1440,2016.04.06 00:00:00,14.54849498327758,11.94576818101525,37.45017038172884,37.68,100,46
US_OIL,10080,2016.05.22 00:00:00,92.37567405632115,89.77456306718152,44.65076641261169,49.55,100,0
US_OIL,43200,2009.05.01 08:00:00,14.87677254955358,0,63.07325357364018,66.54000000000001,100,84
WHEAT,1,2016.05.30 05:00:00,33.33333333333097,41.71289910600122,4.803471102106727,4.805,100,0
WHEAT,5,2016.05.30 05:00:00,28.20512820512776,36.63692937886437,4.807359289056138,4.805,100,0
WHEAT,15,2016.05.30 05:00:00,40.54054054053947,38.41122214917343,4.809165155164655,4.805,100,0
WHEAT,30,2016.05.30 05:00:00,40.17094017094038,53.08250798661162,4.808627535938703,4.805,100,0
WHEAT,60,2016.05.30 05:00:00,46.66666666666677,55.51993753397765,4.805403945331309,4.805,100,0
WHEAT,240,2016.05.24 20:00:00,19.74789915966394,13.21058600533595,4.632225540483533,4.665,100,18
WHEAT,1440,2016.05.13 00:00:00,19.76911976911964,10.23450705114435,4.659293133447643,4.7525,100,14
WHEAT,10080,2015.09.20 00:00:00,17.53041910770615,11.96244084242034,4.974592261023536,5.08,100,36
WHEAT,43200,2016.04.01 00:00:00,15.52956465237167,15.74634687570371,4.828053538185091,4.8775,88,0
XAGUSDpro,1,2016.05.30 21:04:00,24.84076433121255,28.98636106317907,15.97981651895723,15.976,100,0
XAGUSDpro,5,2016.05.30 16:00:00,19.74522292993633,9.208420280145242,15.90706325409009,15.912,100,61
XAGUSDpro,15,2016.05.30 20:45:00,54.62794918330359,71.82891094503967,15.98811951477158,15.994,100,0
XAGUSDpro,30,2016.05.30 20:30:00,76.7759562841533,77.00131546743785,15.97230541372843,15.994,100,0
XAGUSDpro,60,2016.05.30 18:00:00,19.81132075471734,16.28445177102762,15.95715549873151,15.961,100,3
XAGUSDpro,240,2016.05.30 17:00:00,15.10416666666686,20.38898539273862,16.09209612849419,15.994,100,0
XAGUSDpro,1440,2016.05.28 00:00:00,9.918501820703998,9.5197662659369,16.4124101107408,16.195,100,0
XAGUSDpro,10080,2016.05.22 00:00:00,70.15358046012462,77.47032934496534,16.45554712658077,16.195,100,0
XAGUSDpro,43200,2016.04.01 00:00:00,42.13856542776627,22.74956311735243,15.54065789921514,17.815,100,0
XAUAUDpro,1,2016.05.30 19:55:00,17.99687010954731,14.01771165961463,1683.747002436172,1683.96,100,71
XAUAUDpro,5,2016.05.30 21:00:00,36.6643209007747,29.01878416099546,1681.278734913128,1680.62,100,0
XAUAUDpro,15,2016.05.30 20:45:00,38.63287250384062,0,1681.983436938855,1680.46,16,0
XAUAUDpro,30,2016.05.30 20:30:00,0,0,1681.580192000001,1680.46,9,0
XAUAUDpro,60,2016.05.30 20:00:00,0,0,0,1680.46,5,0
XAUAUDpro,240,1970.01.01 00:00:00,0,0,0,0,2,0
XAUAUDpro,1440,2016.05.28 00:00:00,7.908839460643155,14.97939750470004,1706.364001167401,1686.77,100,0
XAUAUDpro,10080,1970.01.01 00:00:00,0,0,0,0,1,0
XAUAUDpro,43200,1970.01.01 00:00:00,0,0,0,0,1,0
XAUCHFpro,1,2016.05.30 21:05:00,47.67441860464874,30.46329563518136,1198.054986024146,1198.07,100,0
XAUCHFpro,5,2016.05.30 21:00:00,23.05676855895275,19.54828550591869,1198.912095312897,1198.14,45,0
XAUCHFpro,15,2016.05.30 20:45:00,43.40206185566925,71.20587070664916,1199.409532141465,1198.14,63,0
XAUCHFpro,30,2016.05.30 20:30:00,76.67507709559858,77.53858161236712,1198.791027876954,1198.14,100,0
XAUCHFpro,60,2016.05.30 20:00:00,0,0,0,1198.14,5,0
XAUCHFpro,240,2016.05.30 17:00:00,0,0,1198.632,1198.14,6,0
XAUCHFpro,1440,2016.05.28 00:00:00,6.918058348036485,19.71908691688065,1218.508141813064,1203.22,100,0
XAUCHFpro,10080,1970.01.01 00:00:00,0,0,0,0,1,0
XAUCHFpro,43200,1970.01.01 00:00:00,0,0,0,0,1,0
XAUEURpro,1,2016.05.30 21:05:00,42.28650137740832,26.45670344084125,1083.572575307345,1083.59,100,0
XAUEURpro,5,2016.05.30 21:00:00,31.68316831682987,29.58759090117413,1084.329679668712,1083.61,45,0
XAUEURpro,15,2016.05.30 20:45:00,45.17465956187118,70.41766144733791,1084.662571348227,1083.64,63,0
XAUEURpro,30,2016.05.30 20:30:00,75.71853320118959,77.27286998572846,1084.131409647272,1083.64,33,0
XAUEURpro,60,2016.05.30 20:00:00,0,0,0,1083.64,5,0
XAUEURpro,240,2016.05.30 17:00:00,0,0,1085.048,1083.64,6,0
XAUEURpro,1440,2016.05.28 00:00:00,9.443978765018137,13.64480991772725,1101.525062500386,1090.92,100,0
XAUEURpro,10080,1970.01.01 00:00:00,0,0,0,0,1,0
XAUEURpro,43200,1970.01.01 00:00:00,0,0,0,0,1,0
XAUGBPpro,1,2016.05.30 19:55:00,15.4088050314435,10.06274882884083,827.478706690678,827.53,100,71
XAUGBPpro,5,2016.05.30 20:30:00,18.88207225630468,10.89111030316528,826.1901706107662,826.29,100,7
XAUGBPpro,15,2016.05.30 20:45:00,30.33519553072704,54.55296398303339,826.4434191050128,825.71,63,0
XAUGBPpro,30,2016.05.30 20:30:00,0,0,826.4916959999998,825.71,9,0
XAUGBPpro,60,2016.05.30 20:00:00,81.33333333333368,0,825.6679503759524,825.71,18,0
XAUGBPpro,240,2016.05.30 17:00:00,22.81721105527631,24.32166710807581,827.3754108681229,825.71,100,0
XAUGBPpro,1440,2016.05.28 00:00:00,5.151324526455545,10.80528092548177,843.9926266832626,829.22,100,0
XAUGBPpro,10080,1970.01.01 00:00:00,0,0,0,0,2,0
XAUGBPpro,43200,1970.01.01 00:00:00,0,0,0,0,1,0
XAUJPYpro,1,2016.05.30 21:04:00,22.29299363057325,17.33803222250609,134183.926794682,134186,100,0
XAUJPYpro,5,2016.05.30 21:00:00,33.78378378378378,31.78943537188305,134270.4296138492,134186,100,0
XAUJPYpro,15,2016.05.30 20:45:00,59.06204201270151,79.98639542531849,134301.6350648959,134210,63,0
XAUJPYpro,30,2016.05.30 20:30:00,80.18760659465606,82.63453233349658,134202.1011020598,134210,33,0
XAUJPYpro,60,2016.05.30 20:00:00,84.83309143686503,0,134065.4355098223,134210,18,0
XAUJPYpro,240,2016.05.30 17:00:00,0,0,133783.6,134210,6,0
XAUJPYpro,1440,2016.04.11 00:00:00,15.50372777671573,9.039767471568394,135363.0243178493,135696,100,42
XAUJPYpro,10080,1970.01.01 00:00:00,0,0,0,0,2,0
XAUJPYpro,43200,1970.01.01 00:00:00,0,0,0,0,1,0
XAUUSDpro,1,2016.05.30 21:04:00,28.94230769231109,21.91203714965365,1207.062498480119,1207.13,100,0
XAUUSDpro,5,2016.05.30 21:00:00,43.19578577699848,40.96927293777442,1207.961519620086,1207.13,45,0
XAUUSDpro,15,2016.05.30 20:45:00,46.44160583941571,0,1208.318207154586,1207.28,16,0
XAUUSDpro,30,2016.05.30 20:30:00,0,0,1207.831104,1207.28,9,0
XAUUSDpro,60,2016.05.30 20:00:00,0,0,0,1207.28,5,0
XAUUSDpro,240,1970.01.01 00:00:00,0,0,0,0,2,0
XAUUSDpro,1440,2016.05.28 00:00:00,5.770041558754339,7.753772956015757,1231.978305683798,1212.85,100,0
XAUUSDpro,10080,2016.05.22 00:00:00,59.28959429638434,63.98710078511959,1244.684162777394,1212.85,100,0
XAUUSDpro,43200,2016.04.01 00:00:00,65.65717577965282,37.12521974352259,1188.121596114309,1292.79,100,0
ZARJPYpro,1,2016.05.30 19:18:00,19.99999999999408,15.54991948470107,7.027332948277119,7.028,100,98
ZARJPYpro,5,2016.05.30 20:55:00,25.23364485981482,22.73707587995871,7.020853364146514,7.011,100,0
ZARJPYpro,15,2016.05.30 17:45:00,15.99999999999977,12.97243637430162,7.024367608590907,7.025,100,13
ZARJPYpro,30,2016.05.30 20:30:00,35.43307086614153,30.44042408065924,7.023509167514741,7.011,100,0
ZARJPYpro,60,2016.05.30 20:00:00,45.25862068965497,60.98449767442082,7.02280512474532,7.011,100,0
ZARJPYpro,240,2016.05.30 17:00:00,44.54545454545465,36.80910106894503,7.012946733666496,7.011,100,0
ZARJPYpro,1440,2016.05.28 00:00:00,63.74999999999979,46.42505992490186,6.999767712304482,6.957,100,0
ZARJPYpro,10080,2016.05.22 00:00:00,23.32859174964437,48.30615379668346,7.192096962087018,6.957,100,0
ZARJPYpro,43200,2016.04.01 00:00:00,22.40814416101099,17.07602624934698,8.062109636664541,7.446,98,0
98,8.062109636664541,7.446,98,0
